Ref,Val,Package,PosX,PosY,Rot,Side
"C1","10uF","C_0402_1005Metric",72.000000,-100.000000,0.000000,top
"C2","10uF","C_0402_1005Metric",72.000000,-104.000000,0.000000,top
"C3","10uF","C_0402_1005Metric",77.000000,-91.000000,90.000000,top
"C4","10uF","C_0402_1005Metric",77.000000,-97.000000,-90.000000,top
"C5","10uF","C_0402_1005Metric",77.000000,-93.000000,-90.000000,top
"C6","0.1uF","C_0402_1005Metric",77.000000,-89.000000,-90.000000,top
"C7","0.1uF","C_0402_1005Metric",77.000000,-99.000000,90.000000,top
"C8","0.1uF","C_0402_1005Metric",77.000000,-95.000000,90.000000,top
"C9","0.1uF","C_0402_1005Metric",83.000000,-89.000000,-90.000000,top
"C10","0.1uF","C_0402_1005Metric",83.000000,-97.000000,-90.000000,top
"C11","0.1uF","C_0402_1005Metric",83.000000,-95.000000,90.000000,top
"C12","10uF","C_0402_1005Metric",83.000000,-91.000000,90.000000,top
"C13","10uF","C_0402_1005Metric",83.000000,-99.000000,90.000000,top
"C14","10uF","C_0402_1005Metric",83.000000,-93.000000,-90.000000,top
"C15","0.1uF","C_0402_1005Metric",49.999999,-75.000000,180.000000,top
"C16","0.1uF","C_0402_1005Metric",61.250000,-72.100000,-135.000000,top
"C17","10uF","C_0402_1005Metric",54.500000,-42.500000,-90.000000,top
"C18","0.1uF","C_0402_1005Metric",57.500000,-64.500000,180.000000,top
"C19","0.1uF","C_0402_1005Metric",71.433810,-66.400000,-45.000000,top
"C20","0.1uF","C_0402_1005Metric",70.019596,-63.120102,45.000000,top
"C21","0.1uF","C_0402_1005Metric",57.500000,-66.750000,180.000000,top
"C22","0.1uF","C_0402_1005Metric",59.600000,-69.950000,-135.000000,top
"C23","0.1uF","C_0402_1005Metric",57.910000,-69.482894,180.000000,top
"C24","10uF","C_0402_1005Metric",60.828427,-52.343146,45.000000,top
"C25","0.1uF","C_0402_1005Metric",60.121320,-51.636039,45.000000,top
"C26","0.1uF","C_0402_1005Metric",55.000000,-80.350000,0.000000,top
"C27","0.1uF","C_0402_1005Metric",58.000000,-84.000000,180.000000,top
"C28","0.1uF","C_0402_1005Metric",58.000000,-83.000000,180.000000,top
"C29","0.1uF","C_0402_1005Metric",68.200000,-92.000000,180.000000,top
"C30","0.1uF","C_0402_1005Metric",71.000000,-83.000000,-90.000000,top
"C31","0.1uF","C_0402_1005Metric",59.000000,-89.000000,-90.000000,top
"C32","0.1uF","C_0402_1005Metric",63.000000,-93.000000,-90.000000,top
"C33","0.1uF","C_0402_1005Metric",66.300000,-92.000000,0.000000,top
"C34","10uF","C_0402_1005Metric",62.000000,-93.000000,-90.000000,top
"C35","10uF","C_0402_1005Metric",66.300000,-93.000000,0.000000,top
"C36","4.7uF","C_0402_1005Metric",58.000000,-85.000000,180.000000,top
"C37","0.1uF","C_0402_1005Metric",61.800000,-94.900000,180.000000,top
"C38","0.1uF","C_0402_1005Metric",53.600000,-92.000000,90.000000,top
"D1","LED_ARGB","LED_Cree-PLCC4_2x2mm_CW",57.500000,-42.500000,0.000000,top
"D2","GREEN","LED_0402_1005Metric",70.000000,-42.500000,-90.000000,top
"FB1","BLM18HE152SN1D","L_0603_1608Metric",72.000000,-102.000000,0.000000,top
"FB2","BLM18HE152SN1D","L_0603_1608Metric",60.000000,-93.000000,0.000000,top
"FB3","BLM18HE152SN1D","L_0603_1608Metric",69.000000,-94.000000,180.000000,top
"FID1","Fiducial","Fiducial_0.5mm_Mask1mm",47.000000,-41.000000,0.000000,top
"FID2","Fiducial","Fiducial_0.5mm_Mask1mm",88.000000,-49.000000,0.000000,top
"FID3","Fiducial","Fiducial_0.5mm_Mask1mm",88.000000,-101.000000,0.000000,top
"FID4","Fiducial","Fiducial_0.5mm_Mask1mm",42.000000,-101.000000,0.000000,top
"H1","MountingHole","MountingHole_3.2mm_M3",45.000000,-45.000000,0.000000,top
"H2","MountingHole","MountingHole_3.2mm_M3",85.000000,-45.000000,0.000000,top
"H3","MountingHole","MountingHole_3.2mm_M3",85.000000,-105.000000,0.000000,top
"H4","MountingHole","MountingHole_3.2mm_M3",45.000000,-105.000000,0.000000,top
"J1","USB_C_Receptacle_USB2.0_14P","USB_C_Receptacle_HRO_TYPE-C-31-M-12",65.000000,-106.060000,0.000000,top
"J3","Conn_02x12_Odd_Even","PinHeader_2x12_P2.54mm_Vertical",43.725000,-51.030000,0.000000,top
"J4","Conn_02x12_Odd_Even","PinHeader_2x12_P2.54mm_Vertical",82.725000,-51.030000,0.000000,top
"R1","5.1k","R_0402_1005Metric",69.000000,-100.000000,180.000000,top
"R2","5.1k","R_0402_1005Metric",61.000000,-100.000000,0.000000,top
"R3","22","R_0402_1005Metric",68.000000,-98.000000,-90.000000,top
"R4","22","R_0402_1005Metric",62.000000,-98.000000,-90.000000,top
"R5","10k","R_0402_1005Metric",68.605382,-61.705888,-135.000000,top
"R6","10k","R_0402_1005Metric",69.950000,-60.350000,45.000000,top
"R7","1k","R_0402_1005Metric",70.000000,-44.500001,90.000000,top
"R8","0R","R_0402_1005Metric",62.242641,-53.757359,-135.000000,top
"R9","0R","R_0402_1005Metric",53.757359,-62.242641,45.000000,top
"R10","10k","R_0402_1005Metric",61.535534,-53.050253,-135.000000,top
"R11","10k","R_0402_1005Metric",53.000000,-60.750000,-45.000000,top
"R12","100","R_0402_1005Metric",60.307107,-70.657106,-135.000000,top
"R13","0","R_0402_1005Metric",57.999999,-79.000000,0.000000,top
"R14","0R","R_0402_1005Metric",59.000000,-75.000000,-90.000000,top
"R15","0R","R_0402_1005Metric",64.925000,-59.600000,-135.000000,top
"R16","0R","R_0402_1005Metric",59.775000,-63.475000,-45.000000,top
"R17","0R","R_0402_1005Metric",64.233326,-58.898528,-135.000000,top
"R18","12k","R_0402_1005Metric",64.000000,-93.000000,90.000000,top
"R19","10k","R_0402_1005Metric",51.200000,-92.000000,-90.000000,top
"R20","10k","R_0402_1005Metric",51.000000,-82.000000,-90.000000,top
"R21","10k","R_0402_1005Metric",55.000000,-82.000000,-90.000000,top
"R22","2.2k","R_0402_1005Metric",53.000000,-82.000000,180.000000,top
"R23","10k","R_0402_1005Metric",78.400000,-81.500000,180.000000,top
"R24","10k","R_0402_1005Metric",78.400000,-83.900000,180.000000,top
"SW1","SW_Push","Panasonic_EVQPUM_EVQPUD",65.000000,-42.000000,0.000000,top
"TP1","TestPoint","TestPoint_Pad_1.0x1.0mm",72.000000,-77.000000,180.000000,top
"TP2","TestPoint","TestPoint_Pad_1.0x1.0mm",72.000000,-79.000000,180.000000,top
"TP3","TestPoint","TestPoint_Pad_1.0x1.0mm",70.000000,-77.000000,180.000000,top
"TP4","TestPoint","TestPoint_Pad_1.0x1.0mm",70.000000,-79.000000,90.000000,top
"TP5","TestPoint","TestPoint_Pad_1.0x1.0mm",68.000000,-77.000000,90.000000,top
"TP6","TestPoint","TestPoint_Pad_1.0x1.0mm",68.000000,-79.000000,90.000000,top
"TP7","TestPoint","TestPoint_Pad_1.0x1.0mm",66.000000,-77.000000,90.000000,top
"TP8","TestPoint","TestPoint_Pad_1.0x1.0mm",66.000000,-79.000000,90.000000,top
"TP9","TestPoint","TestPoint_Pad_1.0x1.0mm",64.000000,-77.000000,90.000000,top
"TP10","TestPoint","TestPoint_Pad_1.0x1.0mm",64.000000,-79.000000,90.000000,top
"TP11","TestPoint","TestPoint_Pad_1.0x1.0mm",62.000000,-77.000000,90.000000,top
"TP12","TestPoint","TestPoint_Pad_1.0x1.0mm",62.000000,-79.000000,90.000000,top
"TP13","TestPoint","TestPoint_Pad_2.0x2.0mm",85.000000,-90.000000,0.000000,top
"TP14","TestPoint","TestPoint_Pad_2.0x2.0mm",85.000000,-98.000000,0.000000,top
"TP15","TestPoint","TestPoint_Pad_2.0x2.0mm",84.975000,-94.000000,0.000000,top
"U1","USBLC6-2SC6","SOT-23-6",65.000000,-98.000000,90.000000,top
"U2","TLV75712PDBV","SOT-23-5",80.000000,-90.000000,0.000000,top
"U3","TLV75725PDBV","SOT-23-5",80.000000,-98.000000,0.000000,top
"U4","TLV75733PDBV","SOT-23-5",80.000000,-94.000000,0.000000,top
"U5","74AUC2G240","VSSOP-8_3x3mm_P0.65mm",55.000000,-74.000000,180.000000,top
"U6","ICE40UP5K-SG48ITR","QFN-48-1EP_7x7mm_P0.5mm_EP5.6x5.6mm",65.069848,-66.655635,-135.000000,top
"U7","W25Q128JVS","SOIC-8_5.3x5.3mm_P1.27mm",58.000000,-58.000000,45.000000,top
"U8","FT232H","LQFP-48_7x7mm_P0.5mm",65.000000,-86.000000,90.000000,top
"U9","93LC56BT-I/OT","SOIC-8_3.9x4.9mm_P1.27mm",53.000000,-87.000000,-90.000000,top
"Y1","SG-210STF","Oscillator_SMD_SeikoEpson_SG210-4Pin_2.5x2.0mm",54.990000,-78.000000,90.000000,top
